{
  "project_info": {
    "project_number": "1012800508065",
    "firebase_url": "https://htvchallenge.firebaseio.com",
    "project_id": "htvchallenge",
    "storage_bucket": "htvchallenge.appspot.com"
  },
  "client": [
    {
      "client_info": {
        "mobilesdk_app_id": "1:1012800508065:android:067700e473db6f0a",
        "android_client_info": {
          "package_name": "frost.com.htvchallenge"
        }
      },
      "oauth_client": [
        {
          "client_id": "1012800508065-v5i79mce751vokqmffs9il8pmfkdg1bo.apps.googleusercontent.com",
          "client_type": 3
        }
      ],
      "api_key": [
        {
          "current_key": "AIzaSyDngKJ4sGlisPlimr88pjr4n91iU-1weEE"
        }
      ],
      "services": {
        "analytics_service": {
          "status": 1
        },
        "appinvite_service": {
          "status": 1,
          "other_platform_oauth_client": []
        },
        "ads_service": {
          "status": 2
        }
      }
    }
  ],
  "configuration_version": "1"
}